{
  "runs": {
    "std_safe_s42": {
      "reward": 14.36524486541748,
      "ep_len": 464.79998779296875,
      "time_out": 0.835601806640625,
      "base_contact": 0.0,
      "bad_orientation": 0.1641337126493454,
      "noise_std": 0.15318375825881958,
      "err_xy": 0.20890074968338013,
      "err_yaw": 0.2265106737613678,
      "time_out_slope_2600_2999": -6.272117008701678e-05,
      "bad_orientation_slope_2600_2999": 6.580475887308024e-05,
      "noise_std_delta_1000": -0.016237152758098783,
      "time_out_delta_1000": 0.015867077098006277,
      "base_contact_delta_1000": 0.0,
      "bad_orientation_delta_1000": -0.0159631201199123,
      "noise_std_delta_2000": -0.002647591275828226,
      "time_out_delta_2000": -0.010705569102650636,
      "base_contact_delta_2000": 0.0,
      "bad_orientation_delta_2000": 0.011513266836603489
    },
    "std_safe_s43": {
      "reward": 14.56517505645752,
      "ep_len": 462.1700134277344,
      "time_out": 0.8340657949447632,
      "base_contact": 0.0,
      "bad_orientation": 0.1652018278837204,
      "noise_std": 0.15340247750282288,
      "err_xy": 0.19109824299812317,
      "err_yaw": 0.20493853092193604,
      "time_out_slope_2600_2999": -0.00018268233290350428,
      "bad_orientation_slope_2600_2999": 0.00018139300515768262,
      "noise_std_delta_1000": -0.01441952486832937,
      "time_out_delta_1000": 0.00560810878163287,
      "base_contact_delta_1000": 0.0,
      "bad_orientation_delta_1000": -0.008421740787369902,
      "noise_std_delta_2000": -0.003943957601274778,
      "time_out_delta_2000": -0.006769617682411577,
      "base_contact_delta_2000": 0.0,
      "bad_orientation_delta_2000": 0.006908478995873817
    },
    "std_safe_s44": {
      "reward": 15.043590545654297,
      "ep_len": 464.6400146484375,
      "time_out": 0.8307291865348816,
      "base_contact": 0.0,
      "bad_orientation": 0.1687825620174408,
      "noise_std": 0.14956411719322205,
      "err_xy": 0.19028249382972717,
      "err_yaw": 0.21417775750160217,
      "time_out_slope_2600_2999": -0.00015500639443314114,
      "bad_orientation_slope_2600_2999": 0.00015426999540712149,
      "noise_std_delta_1000": -0.013432040526753397,
      "time_out_delta_1000": 0.010522849361101705,
      "base_contact_delta_1000": 0.0,
      "bad_orientation_delta_1000": -0.010486081100645528,
      "noise_std_delta_2000": -0.002066232902663112,
      "time_out_delta_2000": -0.006089087185405573,
      "base_contact_delta_2000": 0.0,
      "bad_orientation_delta_2000": 0.006089079468732786
    }
  },
  "meta": {
    "final_iter": 2999,
    "late_window": [
      2600,
      2999
    ],
    "boundaries": [
      1000,
      2000
    ],
    "window": 20,
    "runs": [
      {
        "label": "std_safe_s42",
        "run_dir": "unitree_go2_phm/scripts/rsl_rl/logs/rsl_rl/unitree_go2_realobs/2026-02-19_10-53-22_realobs_single_motor_3k_std_safe_s42_perf"
      },
      {
        "label": "std_safe_s43",
        "run_dir": "unitree_go2_phm/scripts/rsl_rl/logs/rsl_rl/unitree_go2_realobs/2026-02-20_00-31-24_realobs_single_motor_3k_std_safe_s43_perf"
      },
      {
        "label": "std_safe_s44",
        "run_dir": "unitree_go2_phm/scripts/rsl_rl/logs/rsl_rl/unitree_go2_realobs/2026-02-20_00-31-34_realobs_single_motor_3k_std_safe_s44_perf"
      }
    ]
  }
}