{
  "runs": {
    "realobs_single_motor_3k_base_s42": {
      "reward": 8.112783432006836,
      "ep_len": 451.1400146484375,
      "time_out": 0.6571452021598816,
      "base_contact": 0.0,
      "bad_orientation": 0.3345540463924408,
      "noise_std": 0.29373854398727417,
      "err_xy": 0.2498529851436615,
      "err_yaw": 0.3192124366760254,
      "time_out_slope_2600_2999": -0.00035288644705792785,
      "bad_orientation_slope_2600_2999": 0.00033266161668749495,
      "noise_std_delta_1000": -0.016237152758098783,
      "time_out_delta_1000": 0.015867077098006277,
      "base_contact_delta_1000": 0.0,
      "bad_orientation_delta_1000": -0.0159631201199123,
      "noise_std_delta_2000": -0.002647591275828226,
      "time_out_delta_2000": -0.010705569102650636,
      "base_contact_delta_2000": 0.0,
      "bad_orientation_delta_2000": 0.011513266836603489
    },
    "realobs_single_motor_3k_gate_on_s42": {
      "reward": 9.206931114196777,
      "ep_len": 460.0899963378906,
      "time_out": 0.767303466796875,
      "base_contact": 0.00048828125,
      "bad_orientation": 0.233428955078125,
      "noise_std": 0.2865638732910156,
      "err_xy": 0.2666749954223633,
      "err_yaw": 0.3416696786880493,
      "time_out_slope_2600_2999": -0.0002133883182394906,
      "bad_orientation_slope_2600_2999": 0.00021077321785001213,
      "noise_std_delta_1000": -0.016237152758098783,
      "time_out_delta_1000": 0.015867077098006277,
      "base_contact_delta_1000": 0.0,
      "bad_orientation_delta_1000": -0.0159631201199123,
      "noise_std_delta_2000": -0.004538718185254503,
      "time_out_delta_2000": 7.334919202905965e-06,
      "base_contact_delta_2000": 0.0,
      "bad_orientation_delta_2000": -3.645251549426465e-05
    },
    "realobs_single_motor_3k_std_safe_s42": {
      "reward": 14.36524486541748,
      "ep_len": 464.79998779296875,
      "time_out": 0.835601806640625,
      "base_contact": 0.0,
      "bad_orientation": 0.1641337126493454,
      "noise_std": 0.15318375825881958,
      "err_xy": 0.20890074968338013,
      "err_yaw": 0.2265106737613678,
      "time_out_slope_2600_2999": -6.272117008701678e-05,
      "bad_orientation_slope_2600_2999": 6.580475887308024e-05,
      "noise_std_delta_1000": -0.016237152758098783,
      "time_out_delta_1000": 0.015867077098006277,
      "base_contact_delta_1000": 0.0,
      "bad_orientation_delta_1000": -0.0159631201199123,
      "noise_std_delta_2000": -0.002647591275828226,
      "time_out_delta_2000": -0.010705569102650636,
      "base_contact_delta_2000": 0.0,
      "bad_orientation_delta_2000": 0.011513266836603489
    }
  },
  "notes": {}
}